name,link,min_salary,max_salary,currency,employer,source
Программист-разработчик (python),https://hh.ru/vacancy/37674249?query=%D0%9F%D1%80%D0%BE%D0%B3%D1%80%D0%B0%D0%BC%D0%BC%D0%B8%D1%81%D1%82%20Python,100000,180000,руб.,CATAPULTO.RU,hh.ru
Junior Python developer,https://hh.ru/vacancy/38814959?query=%D0%9F%D1%80%D0%BE%D0%B3%D1%80%D0%B0%D0%BC%D0%BC%D0%B8%D1%81%D1%82%20Python,80000,140000,руб.,ООО Константа,hh.ru
Программист Python,https://hh.ru/vacancy/38660476?query=%D0%9F%D1%80%D0%BE%D0%B3%D1%80%D0%B0%D0%BC%D0%BC%D0%B8%D1%81%D1%82%20Python,120000,170000,руб.,ООО КИБЕРБОРЕЯ,hh.ru
Программист Python,https://hh.ru/vacancy/39053902?query=%D0%9F%D1%80%D0%BE%D0%B3%D1%80%D0%B0%D0%BC%D0%BC%D0%B8%D1%81%D1%82%20Python,125000,180000,руб.,Creative,hh.ru
Python разработчик,https://hh.ru/vacancy/39085104?query=%D0%9F%D1%80%D0%BE%D0%B3%D1%80%D0%B0%D0%BC%D0%BC%D0%B8%D1%81%D1%82%20Python,100000,120000,руб.,ООО Энтропия,hh.ru
Программист Python,https://hh.ru/vacancy/39038710?query=%D0%9F%D1%80%D0%BE%D0%B3%D1%80%D0%B0%D0%BC%D0%BC%D0%B8%D1%81%D1%82%20Python,120000,220000,руб.,"Insilico Medicine, Inc",hh.ru
Программист Python,https://hh.ru/vacancy/39022354?query=%D0%9F%D1%80%D0%BE%D0%B3%D1%80%D0%B0%D0%BC%D0%BC%D0%B8%D1%81%D1%82%20Python,35000,60000,руб.,Smit&Co,hh.ru
Программист-разработчик Python/Django,https://hh.ru/vacancy/38815968?query=%D0%9F%D1%80%D0%BE%D0%B3%D1%80%D0%B0%D0%BC%D0%BC%D0%B8%D1%81%D1%82%20Python,80000,120000,руб.,Printum,hh.ru
Программист Python (Senior) remote,https://hh.ru/vacancy/38777732?query=%D0%9F%D1%80%D0%BE%D0%B3%D1%80%D0%B0%D0%BC%D0%BC%D0%B8%D1%81%D1%82%20Python,2500,5500,USD,ООО ЦИФРА,hh.ru
Программист-разработчик Python/Django,https://hh.ru/vacancy/39069137?query=%D0%9F%D1%80%D0%BE%D0%B3%D1%80%D0%B0%D0%BC%D0%BC%D0%B8%D1%81%D1%82%20Python,100000,,руб.,Consul Group,hh.ru
Python-Разработчик (удаленно),https://hh.ru/vacancy/38624353?query=%D0%9F%D1%80%D0%BE%D0%B3%D1%80%D0%B0%D0%BC%D0%BC%D0%B8%D1%81%D1%82%20Python,,250000,руб.,BestDoctor,hh.ru
Python разработчик/программист (Middle Python Developer),https://hh.ru/vacancy/38967646?query=%D0%9F%D1%80%D0%BE%D0%B3%D1%80%D0%B0%D0%BC%D0%BC%D0%B8%D1%81%D1%82%20Python,160000,,руб.,ДВ технологии,hh.ru
Разработчик Python,https://hh.ru/vacancy/38518160?query=%D0%9F%D1%80%D0%BE%D0%B3%D1%80%D0%B0%D0%BC%D0%BC%D0%B8%D1%81%D1%82%20Python,,,,КРОК,hh.ru
Python-разработчик,https://hh.ru/vacancy/38562458?query=%D0%9F%D1%80%D0%BE%D0%B3%D1%80%D0%B0%D0%BC%D0%BC%D0%B8%D1%81%D1%82%20Python,150000,,руб.,ASD Technologies,hh.ru
Senior Python Developer,https://hh.ru/vacancy/38823396?query=%D0%9F%D1%80%D0%BE%D0%B3%D1%80%D0%B0%D0%BC%D0%BC%D0%B8%D1%81%D1%82%20Python,230000,,руб.,Ассоциация IPChain,hh.ru
"Python разработчик HFT (торговые роботы, криптовалюты, нейросети) (remote, опцион)",https://hh.ru/vacancy/38763289?query=%D0%9F%D1%80%D0%BE%D0%B3%D1%80%D0%B0%D0%BC%D0%BC%D0%B8%D1%81%D1%82%20Python,100000,150000,руб.,Whalesburg s.r.o.,hh.ru
Разработчик / Инженер-программист (Python),https://hh.ru/vacancy/37974631?query=%D0%9F%D1%80%D0%BE%D0%B3%D1%80%D0%B0%D0%BC%D0%BC%D0%B8%D1%81%D1%82%20Python,,230000,руб.,NGENIX,hh.ru
Python developer,https://hh.ru/vacancy/36267171?query=%D0%9F%D1%80%D0%BE%D0%B3%D1%80%D0%B0%D0%BC%D0%BC%D0%B8%D1%81%D1%82%20Python,150000,200000,руб.,B2Broker Москва,hh.ru
"Backend-разработчик (Python, Django)",https://hh.ru/vacancy/38923809?query=%D0%9F%D1%80%D0%BE%D0%B3%D1%80%D0%B0%D0%BC%D0%BC%D0%B8%D1%81%D1%82%20Python,150000,,руб.,Lightman Solutions,hh.ru
Программист Python,https://hh.ru/vacancy/38810095?query=%D0%9F%D1%80%D0%BE%D0%B3%D1%80%D0%B0%D0%BC%D0%BC%D0%B8%D1%81%D1%82%20Python,130000,,руб.,ООО ВойсЛинк,hh.ru
Python developer / Python разработчик,https://hh.ru/vacancy/38543143?query=%D0%9F%D1%80%D0%BE%D0%B3%D1%80%D0%B0%D0%BC%D0%BC%D0%B8%D1%81%D1%82%20Python,90000,120000,руб.,SCORISTA,hh.ru
Python Developer,https://hh.ru/vacancy/38650571?query=%D0%9F%D1%80%D0%BE%D0%B3%D1%80%D0%B0%D0%BC%D0%BC%D0%B8%D1%81%D1%82%20Python,120000,150000,руб.,ООО Хантфлоу,hh.ru
Junior Python Developer,https://hh.ru/vacancy/39007842?query=%D0%9F%D1%80%D0%BE%D0%B3%D1%80%D0%B0%D0%BC%D0%BC%D0%B8%D1%81%D1%82%20Python,45000,60000,руб.,ООО ЭНКОСТ,hh.ru
С/С++/Python Developer,https://hh.ru/vacancy/38918960?query=%D0%9F%D1%80%D0%BE%D0%B3%D1%80%D0%B0%D0%BC%D0%BC%D0%B8%D1%81%D1%82%20Python,120000,150000,руб.,ООО Искусственный интеллект,hh.ru
Senior Python developer,https://hh.ru/vacancy/30005963?query=%D0%9F%D1%80%D0%BE%D0%B3%D1%80%D0%B0%D0%BC%D0%BC%D0%B8%D1%81%D1%82%20Python,4000,,USD,NetworkOptix,hh.ru
Программист Python,https://hh.ru/vacancy/38991528?query=%D0%9F%D1%80%D0%BE%D0%B3%D1%80%D0%B0%D0%BC%D0%BC%D0%B8%D1%81%D1%82%20Python,140000,210000,руб.,Star-staff,hh.ru
Backend-разработчик (Python),https://hh.ru/vacancy/38525314?query=%D0%9F%D1%80%D0%BE%D0%B3%D1%80%D0%B0%D0%BC%D0%BC%D0%B8%D1%81%D1%82%20Python,150000,,руб.,ООО Север Авто М,hh.ru
Python Developer,https://hh.ru/vacancy/38448140?query=%D0%9F%D1%80%D0%BE%D0%B3%D1%80%D0%B0%D0%BC%D0%BC%D0%B8%D1%81%D1%82%20Python,,130000,руб.,AmazingHiring,hh.ru
Разработчик (Python),https://hh.ru/vacancy/38401769?query=%D0%9F%D1%80%D0%BE%D0%B3%D1%80%D0%B0%D0%BC%D0%BC%D0%B8%D1%81%D1%82%20Python,120000,170000,руб.,ООО Лаборатория Наносемантика,hh.ru
Python middle developer,https://hh.ru/vacancy/36449432?query=%D0%9F%D1%80%D0%BE%D0%B3%D1%80%D0%B0%D0%BC%D0%BC%D0%B8%D1%81%D1%82%20Python,120000,160000,руб.,BestDoctor,hh.ru
Python developer (м. Дмитровская),https://hh.ru/vacancy/39017773?query=%D0%9F%D1%80%D0%BE%D0%B3%D1%80%D0%B0%D0%BC%D0%BC%D0%B8%D1%81%D1%82%20Python,,200000,руб.,Star-staff,hh.ru
Python разработчик,https://hh.ru/vacancy/39085066?query=%D0%9F%D1%80%D0%BE%D0%B3%D1%80%D0%B0%D0%BC%D0%BC%D0%B8%D1%81%D1%82%20Python,,,,Яндекс,hh.ru
Программист C++/Python,https://hh.ru/vacancy/37817365?query=%D0%9F%D1%80%D0%BE%D0%B3%D1%80%D0%B0%D0%BC%D0%BC%D0%B8%D1%81%D1%82%20Python,100000,180000,руб.,ООО АМИКОН,hh.ru
Python (Django) developer,https://hh.ru/vacancy/38602900?query=%D0%9F%D1%80%D0%BE%D0%B3%D1%80%D0%B0%D0%BC%D0%BC%D0%B8%D1%81%D1%82%20Python,,220000,руб.,evrone.ru,hh.ru
Research Python developer - RiskEngine,https://hh.ru/vacancy/38635899?query=%D0%9F%D1%80%D0%BE%D0%B3%D1%80%D0%B0%D0%BC%D0%BC%D0%B8%D1%81%D1%82%20Python,220000,,руб.,Deutsche Bank Technology Center,hh.ru
Разработчик Python,https://hh.ru/vacancy/38430869?query=%D0%9F%D1%80%D0%BE%D0%B3%D1%80%D0%B0%D0%BC%D0%BC%D0%B8%D1%81%D1%82%20Python,,,,ГК «ХайТэк»,hh.ru
"Разработчик автоматических тестов GUI (Python, Squish)",https://hh.ru/vacancy/38036578?query=%D0%9F%D1%80%D0%BE%D0%B3%D1%80%D0%B0%D0%BC%D0%BC%D0%B8%D1%81%D1%82%20Python,3000,,USD,NetworkOptix,hh.ru
Senior Python Developer,https://hh.ru/vacancy/38650531?query=%D0%9F%D1%80%D0%BE%D0%B3%D1%80%D0%B0%D0%BC%D0%BC%D0%B8%D1%81%D1%82%20Python,180000,200000,руб.,ООО Хантфлоу,hh.ru
Python Developer,https://hh.ru/vacancy/39055532?query=%D0%9F%D1%80%D0%BE%D0%B3%D1%80%D0%B0%D0%BC%D0%BC%D0%B8%D1%81%D1%82%20Python,,,,Elect Hunter,hh.ru
Программист Python,https://hh.ru/vacancy/38935769?query=%D0%9F%D1%80%D0%BE%D0%B3%D1%80%D0%B0%D0%BC%D0%BC%D0%B8%D1%81%D1%82%20Python,,,,ООО Север,hh.ru
Web-разработчик на Python,https://hh.ru/vacancy/37757725?query=%D0%9F%D1%80%D0%BE%D0%B3%D1%80%D0%B0%D0%BC%D0%BC%D0%B8%D1%81%D1%82%20Python,140000,,руб.,ЭргоСОЛО,hh.ru
Программист Python,https://hh.ru/vacancy/34608956?query=%D0%9F%D1%80%D0%BE%D0%B3%D1%80%D0%B0%D0%BC%D0%BC%D0%B8%D1%81%D1%82%20Python,,,,ООО Сервионика,hh.ru
Программист С++/Python (встраиваемые системы),https://hh.ru/vacancy/38517047?query=%D0%9F%D1%80%D0%BE%D0%B3%D1%80%D0%B0%D0%BC%D0%BC%D0%B8%D1%81%D1%82%20Python,100000,,руб.,"Цифровые решения, НПП",hh.ru
Python developer / Питон разработчик - партнер по проектам,https://hh.ru/vacancy/39085945?query=%D0%9F%D1%80%D0%BE%D0%B3%D1%80%D0%B0%D0%BC%D0%BC%D0%B8%D1%81%D1%82%20Python,50000,200000,руб.,IT Exclusive,hh.ru
Python разработчик (middle),https://hh.ru/vacancy/38502449?query=%D0%9F%D1%80%D0%BE%D0%B3%D1%80%D0%B0%D0%BC%D0%BC%D0%B8%D1%81%D1%82%20Python,80000,150000,руб.,ООО Строительный Двор,hh.ru
Backend-разработчик Python + Django (Middle/Senior),https://hh.ru/vacancy/39025860?query=%D0%9F%D1%80%D0%BE%D0%B3%D1%80%D0%B0%D0%BC%D0%BC%D0%B8%D1%81%D1%82%20Python,120000,200000,руб.,Zonesmart,hh.ru
Главный специалист/Разработчик Python,https://hh.ru/vacancy/39088377?query=%D0%9F%D1%80%D0%BE%D0%B3%D1%80%D0%B0%D0%BC%D0%BC%D0%B8%D1%81%D1%82%20Python,,,,"ВСК, САО",hh.ru
Middle/Senior python developer,https://hh.ru/vacancy/38541795?query=%D0%9F%D1%80%D0%BE%D0%B3%D1%80%D0%B0%D0%BC%D0%BC%D0%B8%D1%81%D1%82%20Python,120000,200000,руб.,ООО ЭНГРИ,hh.ru
Full Stack Python Developer / Программист Python,https://hh.ru/vacancy/38860757?query=%D0%9F%D1%80%D0%BE%D0%B3%D1%80%D0%B0%D0%BC%D0%BC%D0%B8%D1%81%D1%82%20Python,,,,ITOB,hh.ru
Программист Python,https://hh.ru/vacancy/38727910?query=%D0%9F%D1%80%D0%BE%D0%B3%D1%80%D0%B0%D0%BC%D0%BC%D0%B8%D1%81%D1%82%20Python,,,,АО Троник,hh.ru
Программист Python,https://hh.ru/vacancy/38613492?query=%D0%9F%D1%80%D0%BE%D0%B3%D1%80%D0%B0%D0%BC%D0%BC%D0%B8%D1%81%D1%82%20Python,,,,ООО НТБ,hh.ru
Middle- Python Backend Developer,https://hh.ru/vacancy/38784716?query=%D0%9F%D1%80%D0%BE%D0%B3%D1%80%D0%B0%D0%BC%D0%BC%D0%B8%D1%81%D1%82%20Python,80000,120000,руб.,ООО КИБЕРТОНИКА,hh.ru
Python разработчик в Умные устройства,https://hh.ru/vacancy/38514489?query=%D0%9F%D1%80%D0%BE%D0%B3%D1%80%D0%B0%D0%BC%D0%BC%D0%B8%D1%81%D1%82%20Python,,,,Mail.ru Group,hh.ru
Python-разработчик,https://hh.ru/vacancy/39099741?query=%D0%9F%D1%80%D0%BE%D0%B3%D1%80%D0%B0%D0%BC%D0%BC%D0%B8%D1%81%D1%82%20Python,,,,UBIC,hh.ru
Backend python разработчик,https://hh.ru/vacancy/38799261?query=%D0%9F%D1%80%D0%BE%D0%B3%D1%80%D0%B0%D0%BC%D0%BC%D0%B8%D1%81%D1%82%20Python,,,,Билайн,hh.ru
Разработчик Python (Middle),https://hh.ru/vacancy/38001428?query=%D0%9F%D1%80%D0%BE%D0%B3%D1%80%D0%B0%D0%BC%D0%BC%D0%B8%D1%81%D1%82%20Python,,150000,руб.,"Ситилаб, Научно-методический центр клинической лабораторной диагностики",hh.ru
Pyth‎on Developer,https://hh.ru/vacancy/37430732?query=%D0%9F%D1%80%D0%BE%D0%B3%D1%80%D0%B0%D0%BC%D0%BC%D0%B8%D1%81%D1%82%20Python,,,,Циан,hh.ru
"Разработчик (Python, ETL)",https://hh.ru/vacancy/38938336?query=%D0%9F%D1%80%D0%BE%D0%B3%D1%80%D0%B0%D0%BC%D0%BC%D0%B8%D1%81%D1%82%20Python,110000,140000,руб.,ВАВТ МИНЭКОНОМРАЗВИТИЯ РОССИИ,hh.ru
Middle Python developer (Remote/ Удаленно),https://hh.ru/vacancy/39097253?query=%D0%9F%D1%80%D0%BE%D0%B3%D1%80%D0%B0%D0%BC%D0%BC%D0%B8%D1%81%D1%82%20Python,,150000,руб.,"Агентство 21 век, КЦ",hh.ru
Python senior developer,https://hh.ru/vacancy/37115745?query=%D0%9F%D1%80%D0%BE%D0%B3%D1%80%D0%B0%D0%BC%D0%BC%D0%B8%D1%81%D1%82%20Python,180000,250000,руб.,BestDoctor,hh.ru
Senior Python Backend Developer,https://hh.ru/vacancy/37547178?query=%D0%9F%D1%80%D0%BE%D0%B3%D1%80%D0%B0%D0%BC%D0%BC%D0%B8%D1%81%D1%82%20Python,300000,,руб.,ООО Бизнес Успех,hh.ru
Python разработчик,https://hh.ru/vacancy/38547443?query=%D0%9F%D1%80%D0%BE%D0%B3%D1%80%D0%B0%D0%BC%D0%BC%D0%B8%D1%81%D1%82%20Python,,,,МойОфис,hh.ru
Программист Python (Middle),https://hh.ru/vacancy/38566344?query=%D0%9F%D1%80%D0%BE%D0%B3%D1%80%D0%B0%D0%BC%D0%BC%D0%B8%D1%81%D1%82%20Python,,250000,руб.,ООО РАБЛЗ,hh.ru
Python-разработчик,https://hh.ru/vacancy/39064220?query=%D0%9F%D1%80%D0%BE%D0%B3%D1%80%D0%B0%D0%BC%D0%BC%D0%B8%D1%81%D1%82%20Python,,,,MGCOM,hh.ru
Backend Python / Django разработчик (удаленная работа),https://hh.ru/vacancy/38991499?query=%D0%9F%D1%80%D0%BE%D0%B3%D1%80%D0%B0%D0%BC%D0%BC%D0%B8%D1%81%D1%82%20Python,50000,80000,руб.,JetLend,hh.ru
Разработчик Python,https://hh.ru/vacancy/38318159?query=%D0%9F%D1%80%D0%BE%D0%B3%D1%80%D0%B0%D0%BC%D0%BC%D0%B8%D1%81%D1%82%20Python,,,,ДомКлик,hh.ru
Разработчик Python 3 Django,https://hh.ru/vacancy/38743313?query=%D0%9F%D1%80%D0%BE%D0%B3%D1%80%D0%B0%D0%BC%D0%BC%D0%B8%D1%81%D1%82%20Python,,,,IBS,hh.ru
Ведущий разработчик Python (Fullstack),https://hh.ru/vacancy/38848906?query=%D0%9F%D1%80%D0%BE%D0%B3%D1%80%D0%B0%D0%BC%D0%BC%D0%B8%D1%81%D1%82%20Python,,,,Netris,hh.ru
Аналитик-разработчик Python,https://hh.ru/vacancy/38034581?query=%D0%9F%D1%80%D0%BE%D0%B3%D1%80%D0%B0%D0%BC%D0%BC%D0%B8%D1%81%D1%82%20Python,,,,Mediascope,hh.ru
Билд-инженер/Программист Python (Continuous Integration),https://hh.ru/vacancy/38766644?query=%D0%9F%D1%80%D0%BE%D0%B3%D1%80%D0%B0%D0%BC%D0%BC%D0%B8%D1%81%D1%82%20Python,,,,Gaijin Entertainment,hh.ru
Инженер-разработчик Python,https://hh.ru/vacancy/36987031?query=%D0%9F%D1%80%D0%BE%D0%B3%D1%80%D0%B0%D0%BC%D0%BC%D0%B8%D1%81%D1%82%20Python,,,,АО Технологическая Компания Центр,hh.ru
Разработчик Python,https://hh.ru/vacancy/36711877?query=%D0%9F%D1%80%D0%BE%D0%B3%D1%80%D0%B0%D0%BC%D0%BC%D0%B8%D1%81%D1%82%20Python,,,,ИнПлат,hh.ru
"Веб-разработчик Fullstack - технологий Python, Java и JavaScript",https://hh.ru/vacancy/39052727?query=%D0%9F%D1%80%D0%BE%D0%B3%D1%80%D0%B0%D0%BC%D0%BC%D0%B8%D1%81%D1%82%20Python,2500,5000,USD,Exclusive PR Solutions,hh.ru
Программист с опытом разработки на Gо/Java/Python удаленно.,https://hh.ru/vacancy/39054631?query=%D0%9F%D1%80%D0%BE%D0%B3%D1%80%D0%B0%D0%BC%D0%BC%D0%B8%D1%81%D1%82%20Python,,,,GranSoft,hh.ru
"Full-stack разработчик (Python, JavaScript)",https://hh.ru/vacancy/38088239?query=%D0%9F%D1%80%D0%BE%D0%B3%D1%80%D0%B0%D0%BC%D0%BC%D0%B8%D1%81%D1%82%20Python,70000,180000,руб.,Tevian (ООО Технологии видеоанализа),hh.ru
Программист Python,https://hh.ru/vacancy/38429768?query=%D0%9F%D1%80%D0%BE%D0%B3%D1%80%D0%B0%D0%BC%D0%BC%D0%B8%D1%81%D1%82%20Python,70000,,руб.,TrueConf,hh.ru
Python Developer,https://hh.ru/vacancy/39018762?query=%D0%9F%D1%80%D0%BE%D0%B3%D1%80%D0%B0%D0%BC%D0%BC%D0%B8%D1%81%D1%82%20Python,,200000,руб.,ООО Аврора Инфинити,hh.ru
Разработчик Python,https://hh.ru/vacancy/38399892?query=%D0%9F%D1%80%D0%BE%D0%B3%D1%80%D0%B0%D0%BC%D0%BC%D0%B8%D1%81%D1%82%20Python,,,,ИТЕРАНЕТ,hh.ru
Разработчик Python,https://hh.ru/vacancy/35871016?query=%D0%9F%D1%80%D0%BE%D0%B3%D1%80%D0%B0%D0%BC%D0%BC%D0%B8%D1%81%D1%82%20Python,,,,ООО НТ Прогресс,hh.ru
Front-end разработчик (Python/django),https://hh.ru/vacancy/38931639?query=%D0%9F%D1%80%D0%BE%D0%B3%D1%80%D0%B0%D0%BC%D0%BC%D0%B8%D1%81%D1%82%20Python,,,,М.Видео-Эльдорадо. Офис,hh.ru
Ведущий программист Python,https://hh.ru/vacancy/36618179?query=%D0%9F%D1%80%D0%BE%D0%B3%D1%80%D0%B0%D0%BC%D0%BC%D0%B8%D1%81%D1%82%20Python,,,,ООО ФК ПУЛЬС,hh.ru
Senior Python Developer,https://hh.ru/vacancy/38524129?query=%D0%9F%D1%80%D0%BE%D0%B3%D1%80%D0%B0%D0%BC%D0%BC%D0%B8%D1%81%D1%82%20Python,,350000,руб.,Дикая Роза,hh.ru
Python-разработчик,https://hh.ru/vacancy/38727339?query=%D0%9F%D1%80%D0%BE%D0%B3%D1%80%D0%B0%D0%BC%D0%BC%D0%B8%D1%81%D1%82%20Python,,,,ЗАО Фонд стратегического развития энергетики Форсайт,hh.ru
Программист Python (Django),https://hh.ru/vacancy/39018086?query=%D0%9F%D1%80%D0%BE%D0%B3%D1%80%D0%B0%D0%BC%D0%BC%D0%B8%D1%81%D1%82%20Python,,,,ООО ИК СИБИНТЕК,hh.ru
Python разработчик,https://hh.ru/vacancy/38959785?query=%D0%9F%D1%80%D0%BE%D0%B3%D1%80%D0%B0%D0%BC%D0%BC%D0%B8%D1%81%D1%82%20Python,,,,SOKOLOV,hh.ru
Python - разработчик,https://hh.ru/vacancy/38813121?query=%D0%9F%D1%80%D0%BE%D0%B3%D1%80%D0%B0%D0%BC%D0%BC%D0%B8%D1%81%D1%82%20Python,,,,"DataLine, Компания",hh.ru
Программист по созданию и ведению обучающего курса по Python,https://hh.ru/vacancy/36906276?query=%D0%9F%D1%80%D0%BE%D0%B3%D1%80%D0%B0%D0%BC%D0%BC%D0%B8%D1%81%D1%82%20Python,150000,,руб.,"Profi-internet, школа востребованных интернет-профессий",hh.ru
Backend программист (Python),https://hh.ru/vacancy/38845851?query=%D0%9F%D1%80%D0%BE%D0%B3%D1%80%D0%B0%D0%BC%D0%BC%D0%B8%D1%81%D1%82%20Python,,,,Электронная торговая площадка Газпромбанка,hh.ru
CG программист (Python/C++),https://hh.ru/vacancy/26680990?query=%D0%9F%D1%80%D0%BE%D0%B3%D1%80%D0%B0%D0%BC%D0%BC%D0%B8%D1%81%D1%82%20Python,,,,Группа компаний «Триумф»,hh.ru
Python Django разработчик,https://hh.ru/vacancy/39020203?query=%D0%9F%D1%80%D0%BE%D0%B3%D1%80%D0%B0%D0%BC%D0%BC%D0%B8%D1%81%D1%82%20Python,,,,ООО Юником,hh.ru
Python Backend Developer,https://hh.ru/vacancy/35467949?query=%D0%9F%D1%80%D0%BE%D0%B3%D1%80%D0%B0%D0%BC%D0%BC%D0%B8%D1%81%D1%82%20Python,,,,Admitad,hh.ru
Инженер по автоматизации тестирования / Python разработчик,https://hh.ru/vacancy/37169502?query=%D0%9F%D1%80%D0%BE%D0%B3%D1%80%D0%B0%D0%BC%D0%BC%D0%B8%D1%81%D1%82%20Python,,,,ООО Основа Лаб,hh.ru
Python developer,https://hh.ru/vacancy/37609721?query=%D0%9F%D1%80%D0%BE%D0%B3%D1%80%D0%B0%D0%BC%D0%BC%D0%B8%D1%81%D1%82%20Python,,,,Admitad,hh.ru
Senior Python Developer (to Riga),https://hh.ru/vacancy/39025497?query=%D0%9F%D1%80%D0%BE%D0%B3%D1%80%D0%B0%D0%BC%D0%BC%D0%B8%D1%81%D1%82%20Python,,,,Betby,hh.ru
Python backend developer,https://hh.ru/vacancy/39067708?query=%D0%9F%D1%80%D0%BE%D0%B3%D1%80%D0%B0%D0%BC%D0%BC%D0%B8%D1%81%D1%82%20Python,,,,ООО InStat,hh.ru
Senior Python backend developer (USA company),https://hh.ru/vacancy/39076147?query=%D0%9F%D1%80%D0%BE%D0%B3%D1%80%D0%B0%D0%BC%D0%BC%D0%B8%D1%81%D1%82%20Python,,,,ProBusiness Group,hh.ru
Разработчик Python,https://hh.ru/vacancy/37706591?query=%D0%9F%D1%80%D0%BE%D0%B3%D1%80%D0%B0%D0%BC%D0%BC%D0%B8%D1%81%D1%82%20Python,,,,ООО «Баланс-Платформа»,hh.ru
Python-разработчик (full stack),https://hh.ru/vacancy/38784499?query=%D0%9F%D1%80%D0%BE%D0%B3%D1%80%D0%B0%D0%BC%D0%BC%D0%B8%D1%81%D1%82%20Python,,,,Akvelon,hh.ru
Go/Python developer,https://hh.ru/vacancy/36774590?query=%D0%9F%D1%80%D0%BE%D0%B3%D1%80%D0%B0%D0%BC%D0%BC%D0%B8%D1%81%D1%82%20Python,,,,ООО Акронис-Инфозащита,hh.ru
Ведущий программист (Python),https://hh.ru/vacancy/37729816?query=%D0%9F%D1%80%D0%BE%D0%B3%D1%80%D0%B0%D0%BC%D0%BC%D0%B8%D1%81%D1%82%20Python,,,,Admitad,hh.ru
Middle+ python разработчик,https://hh.ru/vacancy/38145409?query=%D0%9F%D1%80%D0%BE%D0%B3%D1%80%D0%B0%D0%BC%D0%BC%D0%B8%D1%81%D1%82%20Python,,200000,руб.,ООО Джи Эф Си,hh.ru
Python developer,https://hh.ru/vacancy/38897245?query=%D0%9F%D1%80%D0%BE%D0%B3%D1%80%D0%B0%D0%BC%D0%BC%D0%B8%D1%81%D1%82%20Python,160000,200000,руб.,IVIDEON,hh.ru
Python-разработчик,https://hh.ru/vacancy/38278738?query=%D0%9F%D1%80%D0%BE%D0%B3%D1%80%D0%B0%D0%BC%D0%BC%D0%B8%D1%81%D1%82%20Python,,140000,руб.,"АО Точных Приборов, НИИ",hh.ru
Python/Go Developer,https://hh.ru/vacancy/38318107?query=%D0%9F%D1%80%D0%BE%D0%B3%D1%80%D0%B0%D0%BC%D0%BC%D0%B8%D1%81%D1%82%20Python,,,,ДомКлик,hh.ru
Программист Python,https://hh.ru/vacancy/35870480?query=%D0%9F%D1%80%D0%BE%D0%B3%D1%80%D0%B0%D0%BC%D0%BC%D0%B8%D1%81%D1%82%20Python,,,,АО РТИ,hh.ru
Python Developer,https://hh.ru/vacancy/38848417?query=%D0%9F%D1%80%D0%BE%D0%B3%D1%80%D0%B0%D0%BC%D0%BC%D0%B8%D1%81%D1%82%20Python,3000,4000,USD,HR Development,hh.ru
"Full Stack разработчик (Python, React, PostgreSQL)",https://hh.ru/vacancy/38966721?query=%D0%9F%D1%80%D0%BE%D0%B3%D1%80%D0%B0%D0%BC%D0%BC%D0%B8%D1%81%D1%82%20Python,150000,,руб.,ООО PROGNET,hh.ru
Программист-математик (JavaScript/Python/C++),https://hh.ru/vacancy/38829113?query=%D0%9F%D1%80%D0%BE%D0%B3%D1%80%D0%B0%D0%BC%D0%BC%D0%B8%D1%81%D1%82%20Python,,,,Группа компаний «Триумф»,hh.ru
Senior Python-разработчик,https://hh.ru/vacancy/39012300?query=%D0%9F%D1%80%D0%BE%D0%B3%D1%80%D0%B0%D0%BC%D0%BC%D0%B8%D1%81%D1%82%20Python,,,,ГЛОНАСС МОБАЙЛ,hh.ru
"Backend-разработчик (Python, middle/senior, part-time)",https://hh.ru/vacancy/38075098?query=%D0%9F%D1%80%D0%BE%D0%B3%D1%80%D0%B0%D0%BC%D0%BC%D0%B8%D1%81%D1%82%20Python,,,,Lightman Solutions,hh.ru
Стажер-разработчик Python,https://hh.ru/vacancy/38462015?query=%D0%9F%D1%80%D0%BE%D0%B3%D1%80%D0%B0%D0%BC%D0%BC%D0%B8%D1%81%D1%82%20Python,,,,X-LAB,hh.ru
Python Developer (Backend),https://hh.ru/vacancy/38875686?query=%D0%9F%D1%80%D0%BE%D0%B3%D1%80%D0%B0%D0%BC%D0%BC%D0%B8%D1%81%D1%82%20Python,,,,Top Selection OÜ,hh.ru
Python developer,https://hh.ru/vacancy/38995198?query=%D0%9F%D1%80%D0%BE%D0%B3%D1%80%D0%B0%D0%BC%D0%BC%D0%B8%D1%81%D1%82%20Python,,,,Selecty,hh.ru
Python (Full-stack) разработчик,https://hh.ru/vacancy/38646404?query=%D0%9F%D1%80%D0%BE%D0%B3%D1%80%D0%B0%D0%BC%D0%BC%D0%B8%D1%81%D1%82%20Python,,250000,руб.,ООО Айтенд,hh.ru
Программист Python (Senior),https://hh.ru/vacancy/38576811?query=%D0%9F%D1%80%D0%BE%D0%B3%D1%80%D0%B0%D0%BC%D0%BC%D0%B8%D1%81%D1%82%20Python,,,,ООО РАБЛЗ,hh.ru
Программист Python(Django),https://hh.ru/vacancy/38054244?query=%D0%9F%D1%80%D0%BE%D0%B3%D1%80%D0%B0%D0%BC%D0%BC%D0%B8%D1%81%D1%82%20Python,,,,Kokoc Group,hh.ru
Full-stack веб-программист python/javascript,https://hh.ru/vacancy/37566148?query=%D0%9F%D1%80%D0%BE%D0%B3%D1%80%D0%B0%D0%BC%D0%BC%D0%B8%D1%81%D1%82%20Python,,,,ФГБУ ЦСП ФМБА России,hh.ru
Python разработчик,https://hh.ru/vacancy/38935608?query=%D0%9F%D1%80%D0%BE%D0%B3%D1%80%D0%B0%D0%BC%D0%BC%D0%B8%D1%81%D1%82%20Python,,,,Star-staff,hh.ru
Senior python developer,https://hh.ru/vacancy/37583293?query=%D0%9F%D1%80%D0%BE%D0%B3%D1%80%D0%B0%D0%BC%D0%BC%D0%B8%D1%81%D1%82%20Python,,,,Руформ,hh.ru
Python разработчик,https://hh.ru/vacancy/38979914?query=%D0%9F%D1%80%D0%BE%D0%B3%D1%80%D0%B0%D0%BC%D0%BC%D0%B8%D1%81%D1%82%20Python,,,,Selecty,hh.ru
Python developer (Data Engineer),https://hh.ru/vacancy/33647219?query=%D0%9F%D1%80%D0%BE%D0%B3%D1%80%D0%B0%D0%BC%D0%BC%D0%B8%D1%81%D1%82%20Python,,,,Admitad,hh.ru
Программист-математик (Python),https://hh.ru/vacancy/38842650?query=%D0%9F%D1%80%D0%BE%D0%B3%D1%80%D0%B0%D0%BC%D0%BC%D0%B8%D1%81%D1%82%20Python,,,,ООО АБК,hh.ru
Junior разработчик/ Developer/ PHP/Python/,https://hh.ru/vacancy/38957307?query=%D0%9F%D1%80%D0%BE%D0%B3%D1%80%D0%B0%D0%BC%D0%BC%D0%B8%D1%81%D1%82%20Python,,100000,руб.,FM Logistic,hh.ru
Инженер-программист (Python) в отдел интеграции,https://hh.ru/vacancy/38823742?query=%D0%9F%D1%80%D0%BE%D0%B3%D1%80%D0%B0%D0%BC%D0%BC%D0%B8%D1%81%D1%82%20Python,120000,160000,руб.,Alphaopen,hh.ru
Backend Python Developer (MTS AI),https://hh.ru/vacancy/36550269?query=%D0%9F%D1%80%D0%BE%D0%B3%D1%80%D0%B0%D0%BC%D0%BC%D0%B8%D1%81%D1%82%20Python,,,,"ПАО «МТС»,IT",hh.ru
Senior Python/Django developer/architect в международную компанию,https://hh.ru/vacancy/39081415?query=%D0%9F%D1%80%D0%BE%D0%B3%D1%80%D0%B0%D0%BC%D0%BC%D0%B8%D1%81%D1%82%20Python,,300000,руб.,AAHI,hh.ru
Python-разработчик,https://hh.ru/vacancy/38801313?query=%D0%9F%D1%80%D0%BE%D0%B3%D1%80%D0%B0%D0%BC%D0%BC%D0%B8%D1%81%D1%82%20Python,,,,"ПАО «МТС»,IT",hh.ru
Senior Python Developer,https://hh.ru/vacancy/38318117?query=%D0%9F%D1%80%D0%BE%D0%B3%D1%80%D0%B0%D0%BC%D0%BC%D0%B8%D1%81%D1%82%20Python,,,,ДомКлик,hh.ru
Python Software Developer,https://hh.ru/vacancy/39025915?query=%D0%9F%D1%80%D0%BE%D0%B3%D1%80%D0%B0%D0%BC%D0%BC%D0%B8%D1%81%D1%82%20Python,,,,Profluent Group,hh.ru
Senior Python developer,https://hh.ru/vacancy/39069567?query=%D0%9F%D1%80%D0%BE%D0%B3%D1%80%D0%B0%D0%BC%D0%BC%D0%B8%D1%81%D1%82%20Python,,,,ОНСЕК,hh.ru
Разработчик Python,https://hh.ru/vacancy/38453029?query=%D0%9F%D1%80%D0%BE%D0%B3%D1%80%D0%B0%D0%BC%D0%BC%D0%B8%D1%81%D1%82%20Python,,,,ООО ИЦ АЙ-ТЕКО,hh.ru
Разработчик Python,https://hh.ru/vacancy/37053392?query=%D0%9F%D1%80%D0%BE%D0%B3%D1%80%D0%B0%D0%BC%D0%BC%D0%B8%D1%81%D1%82%20Python,,,,Электронная торговая площадка Газпромбанка,hh.ru
Middle Python разработчик,https://hh.ru/vacancy/38994231?query=%D0%9F%D1%80%D0%BE%D0%B3%D1%80%D0%B0%D0%BC%D0%BC%D0%B8%D1%81%D1%82%20Python,,,,SUNLIGHT,hh.ru
"Python разработчик (jun+, middle)",https://hh.ru/vacancy/38088133?query=%D0%9F%D1%80%D0%BE%D0%B3%D1%80%D0%B0%D0%BC%D0%BC%D0%B8%D1%81%D1%82%20Python,,,,AT Consulting,hh.ru
Backend-разработчик (Python/Django),https://hh.ru/vacancy/38977337?query=%D0%9F%D1%80%D0%BE%D0%B3%D1%80%D0%B0%D0%BC%D0%BC%D0%B8%D1%81%D1%82%20Python,,,,Сбербанк для экспертов,hh.ru
Разработчик Python DevTools,https://hh.ru/vacancy/36167370?query=%D0%9F%D1%80%D0%BE%D0%B3%D1%80%D0%B0%D0%BC%D0%BC%D0%B8%D1%81%D1%82%20Python,,,,Лаборатория Касперского,hh.ru
Разработчик Python,https://hh.ru/vacancy/38511802?query=%D0%9F%D1%80%D0%BE%D0%B3%D1%80%D0%B0%D0%BC%D0%BC%D0%B8%D1%81%D1%82%20Python,,,,"Русские базовые информационные технологии, Научно-производственное объединение",hh.ru
Программист Python,https://hh.ru/vacancy/38157850?query=%D0%9F%D1%80%D0%BE%D0%B3%D1%80%D0%B0%D0%BC%D0%BC%D0%B8%D1%81%D1%82%20Python,180000,300000,руб.,HR Development,hh.ru
Python-разработчик (MAPS.ME),https://hh.ru/vacancy/36792914?query=%D0%9F%D1%80%D0%BE%D0%B3%D1%80%D0%B0%D0%BC%D0%BC%D0%B8%D1%81%D1%82%20Python,,,,Mail.ru Group,hh.ru
Python разработчик (DWH),https://hh.ru/vacancy/38946871?query=%D0%9F%D1%80%D0%BE%D0%B3%D1%80%D0%B0%D0%BC%D0%BC%D0%B8%D1%81%D1%82%20Python,,,,Mail.ru Group,hh.ru
Python Senior Developer,https://hh.ru/vacancy/37814960?query=%D0%9F%D1%80%D0%BE%D0%B3%D1%80%D0%B0%D0%BC%D0%BC%D0%B8%D1%81%D1%82%20Python,,,,ООО ЦИФРА,hh.ru
Python-разработчик,https://hh.ru/vacancy/38081405?query=%D0%9F%D1%80%D0%BE%D0%B3%D1%80%D0%B0%D0%BC%D0%BC%D0%B8%D1%81%D1%82%20Python,140000,200000,руб.,ivi,hh.ru
Разработчик Python,https://hh.ru/vacancy/37545437?query=%D0%9F%D1%80%D0%BE%D0%B3%D1%80%D0%B0%D0%BC%D0%BC%D0%B8%D1%81%D1%82%20Python,,,,Тинькофф,hh.ru
Разработчик Python (RuBackup),https://hh.ru/vacancy/38826401?query=%D0%9F%D1%80%D0%BE%D0%B3%D1%80%D0%B0%D0%BC%D0%BC%D0%B8%D1%81%D1%82%20Python,,,,"Русские базовые информационные технологии, Научно-производственное объединение",hh.ru
Python разработчик,https://hh.ru/vacancy/38923564?query=%D0%9F%D1%80%D0%BE%D0%B3%D1%80%D0%B0%D0%BC%D0%BC%D0%B8%D1%81%D1%82%20Python,,,,"ПАО «МТС»,IT",hh.ru
Ведущий разработчик Python,https://hh.ru/vacancy/39003035?query=%D0%9F%D1%80%D0%BE%D0%B3%D1%80%D0%B0%D0%BC%D0%BC%D0%B8%D1%81%D1%82%20Python,,,,ООО ИЦ АЙ-ТЕКО,hh.ru
Python разработчик в инфраструктурную команду (Маруся),https://hh.ru/vacancy/38368836?query=%D0%9F%D1%80%D0%BE%D0%B3%D1%80%D0%B0%D0%BC%D0%BC%D0%B8%D1%81%D1%82%20Python,,,,Mail.ru Group,hh.ru
Python разработчик,https://hh.ru/vacancy/38728444?query=%D0%9F%D1%80%D0%BE%D0%B3%D1%80%D0%B0%D0%BC%D0%BC%D0%B8%D1%81%D1%82%20Python,,,,ООО ВижнЛабс (VisionLabs),hh.ru
"Наставник на программу обучения ""Middle Python разработчик"" в Яндекс.Практикум",https://hh.ru/vacancy/37809149?query=%D0%9F%D1%80%D0%BE%D0%B3%D1%80%D0%B0%D0%BC%D0%BC%D0%B8%D1%81%D1%82%20Python,,,,Яндекс,hh.ru
Python developer + С# (CoreTech),https://hh.ru/vacancy/38907066?query=%D0%9F%D1%80%D0%BE%D0%B3%D1%80%D0%B0%D0%BC%D0%BC%D0%B8%D1%81%D1%82%20Python,,,,Лаборатория Касперского,hh.ru
Программист Python,https://hh.ru/vacancy/38760054?query=%D0%9F%D1%80%D0%BE%D0%B3%D1%80%D0%B0%D0%BC%D0%BC%D0%B8%D1%81%D1%82%20Python,60000,100000,руб.,INNOVA GROUP,hh.ru
Senior python разработчик,https://hh.ru/vacancy/36493185?query=%D0%9F%D1%80%D0%BE%D0%B3%D1%80%D0%B0%D0%BC%D0%BC%D0%B8%D1%81%D1%82%20Python,,,,ООО Инконсалт,hh.ru
Разработчик Asterisk / Python,https://hh.ru/vacancy/38901462?query=%D0%9F%D1%80%D0%BE%D0%B3%D1%80%D0%B0%D0%BC%D0%BC%D0%B8%D1%81%D1%82%20Python,,,,"РОЛЬФ, группа компаний",hh.ru
Ведущий Python-разработчик,https://hh.ru/vacancy/38921844?query=%D0%9F%D1%80%D0%BE%D0%B3%D1%80%D0%B0%D0%BC%D0%BC%D0%B8%D1%81%D1%82%20Python,,,,ООО НТехЛаб,hh.ru
Senior разработчик (Scala/Python),https://hh.ru/vacancy/38986442?query=%D0%9F%D1%80%D0%BE%D0%B3%D1%80%D0%B0%D0%BC%D0%BC%D0%B8%D1%81%D1%82%20Python,,,,QIWI,hh.ru
Разработчик Python 2.7 (3.Х),https://hh.ru/vacancy/38540725?query=%D0%9F%D1%80%D0%BE%D0%B3%D1%80%D0%B0%D0%BC%D0%BC%D0%B8%D1%81%D1%82%20Python,,,,СБСОФТ,hh.ru
Python Developer (Django+JS),https://hh.ru/vacancy/38993329?query=%D0%9F%D1%80%D0%BE%D0%B3%D1%80%D0%B0%D0%BC%D0%BC%D0%B8%D1%81%D1%82%20Python,,,,Vivid Money,hh.ru
Python Senior back end developer,https://hh.ru/vacancy/38918807?query=%D0%9F%D1%80%D0%BE%D0%B3%D1%80%D0%B0%D0%BC%D0%BC%D0%B8%D1%81%D1%82%20Python,,,,IBS,hh.ru
Python разработчик (Django),https://hh.ru/vacancy/38705473?query=%D0%9F%D1%80%D0%BE%D0%B3%D1%80%D0%B0%D0%BC%D0%BC%D0%B8%D1%81%D1%82%20Python,120000,,руб.,ООО Апптимизм,hh.ru
Python Developer,https://hh.ru/vacancy/38672884?query=%D0%9F%D1%80%D0%BE%D0%B3%D1%80%D0%B0%D0%BC%D0%BC%D0%B8%D1%81%D1%82%20Python,2000,4000,USD,MaxinAI,hh.ru
Python разработчик в myTarget,https://hh.ru/vacancy/38323541?query=%D0%9F%D1%80%D0%BE%D0%B3%D1%80%D0%B0%D0%BC%D0%BC%D0%B8%D1%81%D1%82%20Python,,,,Mail.ru Group,hh.ru
Разработчик (Python),https://hh.ru/vacancy/38901120?query=%D0%9F%D1%80%D0%BE%D0%B3%D1%80%D0%B0%D0%BC%D0%BC%D0%B8%D1%81%D1%82%20Python,,,,Центральный банк Российской Федерации,hh.ru
Python-разработчик (Middle),https://hh.ru/vacancy/36806782?query=%D0%9F%D1%80%D0%BE%D0%B3%D1%80%D0%B0%D0%BC%D0%BC%D0%B8%D1%81%D1%82%20Python,,,,РБК,hh.ru
Разработчик Python,https://hh.ru/vacancy/38063535?query=%D0%9F%D1%80%D0%BE%D0%B3%D1%80%D0%B0%D0%BC%D0%BC%D0%B8%D1%81%D1%82%20Python,,,,Admitad,hh.ru
Старший разработчик Python,https://hh.ru/vacancy/38759808?query=%D0%9F%D1%80%D0%BE%D0%B3%D1%80%D0%B0%D0%BC%D0%BC%D0%B8%D1%81%D1%82%20Python,100000,160000,руб.,INNOVA GROUP,hh.ru
Python разработчик,https://hh.ru/vacancy/37765040?query=%D0%9F%D1%80%D0%BE%D0%B3%D1%80%D0%B0%D0%BC%D0%BC%D0%B8%D1%81%D1%82%20Python,,,,STC,hh.ru
Разработчик Python (middle),https://hh.ru/vacancy/38292722?query=%D0%9F%D1%80%D0%BE%D0%B3%D1%80%D0%B0%D0%BC%D0%BC%D0%B8%D1%81%D1%82%20Python,,,,AT Consulting,hh.ru
Python разработчик-аналитик,https://hh.ru/vacancy/38895109?query=%D0%9F%D1%80%D0%BE%D0%B3%D1%80%D0%B0%D0%BC%D0%BC%D0%B8%D1%81%D1%82%20Python,,,,Selecty,hh.ru
Python разработчик,https://hh.ru/vacancy/37486302?query=%D0%9F%D1%80%D0%BE%D0%B3%D1%80%D0%B0%D0%BC%D0%BC%D0%B8%D1%81%D1%82%20Python,130000,220000,руб.,АО Семейный доктор,hh.ru
Разработчик Python (в Управление перспективных технологий),https://hh.ru/vacancy/38324036?query=%D0%9F%D1%80%D0%BE%D0%B3%D1%80%D0%B0%D0%BC%D0%BC%D0%B8%D1%81%D1%82%20Python,,,,"ВСК, САО",hh.ru
Программист Python,https://hh.ru/vacancy/38614624?query=%D0%9F%D1%80%D0%BE%D0%B3%D1%80%D0%B0%D0%BC%D0%BC%D0%B8%D1%81%D1%82%20Python,210001,299999,руб.,HR Development,hh.ru
Python разработчик,https://hh.ru/vacancy/38777282?query=%D0%9F%D1%80%D0%BE%D0%B3%D1%80%D0%B0%D0%BC%D0%BC%D0%B8%D1%81%D1%82%20Python,100000,130000,руб.,ООО Строительный Двор,hh.ru
Middle Python разработчик,https://hh.ru/vacancy/38053671?query=%D0%9F%D1%80%D0%BE%D0%B3%D1%80%D0%B0%D0%BC%D0%BC%D0%B8%D1%81%D1%82%20Python,,,,ООО ВижнЛабс (VisionLabs),hh.ru
Python разработчик (SberDevices),https://hh.ru/vacancy/37685908?query=%D0%9F%D1%80%D0%BE%D0%B3%D1%80%D0%B0%D0%BC%D0%BC%D0%B8%D1%81%D1%82%20Python,,,,Сбербанк для экспертов,hh.ru
Разработчик Python (на проекты по DS),https://hh.ru/vacancy/38846251?query=%D0%9F%D1%80%D0%BE%D0%B3%D1%80%D0%B0%D0%BC%D0%BC%D0%B8%D1%81%D1%82%20Python,,,,Сбербанк для экспертов,hh.ru
Python разработчик в All Cups,https://hh.ru/vacancy/38850682?query=%D0%9F%D1%80%D0%BE%D0%B3%D1%80%D0%B0%D0%BC%D0%BC%D0%B8%D1%81%D1%82%20Python,,,,Mail.ru Group,hh.ru
Проверяющий преподаватель по курсу Python-разработчик,https://hh.ru/vacancy/38904870?query=%D0%9F%D1%80%D0%BE%D0%B3%D1%80%D0%B0%D0%BC%D0%BC%D0%B8%D1%81%D1%82%20Python,,,,Skillbox,hh.ru
Программист Python,https://hh.ru/vacancy/38827758?query=%D0%9F%D1%80%D0%BE%D0%B3%D1%80%D0%B0%D0%BC%D0%BC%D0%B8%D1%81%D1%82%20Python,,,,The Skolkovo Institute of Science and Technology,hh.ru
Back-end Python/Django разработчик,https://hh.ru/vacancy/38629821?query=%D0%9F%D1%80%D0%BE%D0%B3%D1%80%D0%B0%D0%BC%D0%BC%D0%B8%D1%81%D1%82%20Python,130000,200000,руб.,ООО Mind&Machine,hh.ru
Python разработчик (Backend),https://hh.ru/vacancy/38901681?query=%D0%9F%D1%80%D0%BE%D0%B3%D1%80%D0%B0%D0%BC%D0%BC%D0%B8%D1%81%D1%82%20Python,,,,Selecty,hh.ru
Разработчик Python,https://hh.ru/vacancy/38503080?query=%D0%9F%D1%80%D0%BE%D0%B3%D1%80%D0%B0%D0%BC%D0%BC%D0%B8%D1%81%D1%82%20Python,100000,220000,руб.,АО ФинТех,hh.ru
Python-разработчик (Senior),https://hh.ru/vacancy/36806796?query=%D0%9F%D1%80%D0%BE%D0%B3%D1%80%D0%B0%D0%BC%D0%BC%D0%B8%D1%81%D1%82%20Python,,,,РБК,hh.ru
Программист Python (г. Коломна),https://hh.ru/vacancy/38152374?query=%D0%9F%D1%80%D0%BE%D0%B3%D1%80%D0%B0%D0%BC%D0%BC%D0%B8%D1%81%D1%82%20Python,,,,ООО Сегула Технолоджис Раша,hh.ru
Junior Python developer,https://hh.ru/vacancy/38595676?query=%D0%9F%D1%80%D0%BE%D0%B3%D1%80%D0%B0%D0%BC%D0%BC%D0%B8%D1%81%D1%82%20Python,,,,Связной,hh.ru
Разработчик Python (backend),https://hh.ru/vacancy/38271890?query=%D0%9F%D1%80%D0%BE%D0%B3%D1%80%D0%B0%D0%BC%D0%BC%D0%B8%D1%81%D1%82%20Python,,,,"Ренессанс Кредит, Москва",hh.ru
Программист Python,https://hh.ru/vacancy/38743736?query=%D0%9F%D1%80%D0%BE%D0%B3%D1%80%D0%B0%D0%BC%D0%BC%D0%B8%D1%81%D1%82%20Python,70000,140000,руб.,Odlar Yurdu,hh.ru
Стажер разработчик Python,https://hh.ru/vacancy/38587522?query=%D0%9F%D1%80%D0%BE%D0%B3%D1%80%D0%B0%D0%BC%D0%BC%D0%B8%D1%81%D1%82%20Python,20000,50000,руб.,ООО Аналитические программные решения,hh.ru
Python разработчик SberDevices,https://hh.ru/vacancy/36286016?query=%D0%9F%D1%80%D0%BE%D0%B3%D1%80%D0%B0%D0%BC%D0%BC%D0%B8%D1%81%D1%82%20Python,,,,Сбербанк для начинающих,hh.ru
"Python разработчик, SberDevices",https://hh.ru/vacancy/36795277?query=%D0%9F%D1%80%D0%BE%D0%B3%D1%80%D0%B0%D0%BC%D0%BC%D0%B8%D1%81%D1%82%20Python,,,,Сбербанк для экспертов,hh.ru
Python разработчик в Таланты,https://hh.ru/vacancy/38254381?query=%D0%9F%D1%80%D0%BE%D0%B3%D1%80%D0%B0%D0%BC%D0%BC%D0%B8%D1%81%D1%82%20Python,,,,Яндекс,hh.ru
Python разработчик,https://hh.ru/vacancy/37579037?query=%D0%9F%D1%80%D0%BE%D0%B3%D1%80%D0%B0%D0%BC%D0%BC%D0%B8%D1%81%D1%82%20Python,,,,Яндекс,hh.ru
Senior Python разработчик,https://hh.ru/vacancy/38846825?query=%D0%9F%D1%80%D0%BE%D0%B3%D1%80%D0%B0%D0%BC%D0%BC%D0%B8%D1%81%D1%82%20Python,,,,Сбербанк для экспертов,hh.ru
Python разработчик (Big Data),https://hh.ru/vacancy/37700368?query=%D0%9F%D1%80%D0%BE%D0%B3%D1%80%D0%B0%D0%BC%D0%BC%D0%B8%D1%81%D1%82%20Python,,,,"ПАО «МТС»,IT",hh.ru
Full stack developer (Python / Flask),https://hh.ru/vacancy/38275447?query=%D0%9F%D1%80%D0%BE%D0%B3%D1%80%D0%B0%D0%BC%D0%BC%D0%B8%D1%81%D1%82%20Python,,,,"ОТП Банк, АО (OTP bank)",hh.ru
Python/Go Developer + Linux,https://hh.ru/vacancy/38480108?query=%D0%9F%D1%80%D0%BE%D0%B3%D1%80%D0%B0%D0%BC%D0%BC%D0%B8%D1%81%D1%82%20Python,,,,Лаборатория Касперского,hh.ru
Разработчик C/Python,https://hh.ru/vacancy/35216674?query=%D0%9F%D1%80%D0%BE%D0%B3%D1%80%D0%B0%D0%BC%D0%BC%D0%B8%D1%81%D1%82%20Python,,,,ООО Ростелеком Информационные Технологии,hh.ru
Программист Python,https://hh.ru/vacancy/37045645?query=%D0%9F%D1%80%D0%BE%D0%B3%D1%80%D0%B0%D0%BC%D0%BC%D0%B8%D1%81%D1%82%20Python,,120000,руб.,Staff-UP Consulting Group,hh.ru
Python / Django fullstack разработчик,https://hh.ru/vacancy/37797391?query=%D0%9F%D1%80%D0%BE%D0%B3%D1%80%D0%B0%D0%BC%D0%BC%D0%B8%D1%81%D1%82%20Python,,,,Кон Цертеза,hh.ru
Разработчик Python (металлургия),https://hh.ru/vacancy/38774135?query=%D0%9F%D1%80%D0%BE%D0%B3%D1%80%D0%B0%D0%BC%D0%BC%D0%B8%D1%81%D1%82%20Python,,150000,руб.,ООО ИЦ АЙ-ТЕКО,hh.ru
Python-разработчик (удаленно),https://hh.ru/vacancy/38674184?query=%D0%9F%D1%80%D0%BE%D0%B3%D1%80%D0%B0%D0%BC%D0%BC%D0%B8%D1%81%D1%82%20Python,,,,Noveo,hh.ru
Python developer,https://hh.ru/vacancy/38308822?query=%D0%9F%D1%80%D0%BE%D0%B3%D1%80%D0%B0%D0%BC%D0%BC%D0%B8%D1%81%D1%82%20Python,,,,ООО Синема стар,hh.ru
Backend разработчик Python/возможно удаленно (инвестиционная компания),https://hh.ru/vacancy/38837886?query=%D0%9F%D1%80%D0%BE%D0%B3%D1%80%D0%B0%D0%BC%D0%BC%D0%B8%D1%81%D1%82%20Python,,,,Recruitment Boutique S.M.Art,hh.ru
Senior Python Developer,https://hh.ru/vacancy/38292441?query=%D0%9F%D1%80%D0%BE%D0%B3%D1%80%D0%B0%D0%BC%D0%BC%D0%B8%D1%81%D1%82%20Python,,,,Тинькофф,hh.ru
Python разработчик (МТС ТВ),https://hh.ru/vacancy/38785862?query=%D0%9F%D1%80%D0%BE%D0%B3%D1%80%D0%B0%D0%BC%D0%BC%D0%B8%D1%81%D1%82%20Python,,,,"ПАО «МТС»,IT",hh.ru
Программист MQL4/5 + Python,https://hh.ru/vacancy/38536187?query=%D0%9F%D1%80%D0%BE%D0%B3%D1%80%D0%B0%D0%BC%D0%BC%D0%B8%D1%81%D1%82%20Python,68000,,руб.,ООО Лаборатория Мерседес,hh.ru
Python Developer,https://hh.ru/vacancy/38673674?query=%D0%9F%D1%80%D0%BE%D0%B3%D1%80%D0%B0%D0%BC%D0%BC%D0%B8%D1%81%D1%82%20Python,,200000,руб.,HR Development,hh.ru
Python разработчик,https://hh.ru/vacancy/38303553?query=%D0%9F%D1%80%D0%BE%D0%B3%D1%80%D0%B0%D0%BC%D0%BC%D0%B8%D1%81%D1%82%20Python,,,,Mediascope,hh.ru
Ведущий разработчик Python,https://hh.ru/vacancy/38198739?query=%D0%9F%D1%80%D0%BE%D0%B3%D1%80%D0%B0%D0%BC%D0%BC%D0%B8%D1%81%D1%82%20Python,,,,ОАО ИнфоТеКС,hh.ru
Python + Go разработчик (можно удаленно),https://hh.ru/vacancy/38742167?query=%D0%9F%D1%80%D0%BE%D0%B3%D1%80%D0%B0%D0%BC%D0%BC%D0%B8%D1%81%D1%82%20Python,,180000,руб.,ivi,hh.ru
Python Developer,https://hh.ru/vacancy/38163952?query=%D0%9F%D1%80%D0%BE%D0%B3%D1%80%D0%B0%D0%BC%D0%BC%D0%B8%D1%81%D1%82%20Python,,,,Пятёрочка. Офис,hh.ru
Full stack developer (Python / Django / Vue),https://hh.ru/vacancy/37706589?query=%D0%9F%D1%80%D0%BE%D0%B3%D1%80%D0%B0%D0%BC%D0%BC%D0%B8%D1%81%D1%82%20Python,1500,,EUR,EXANTE,hh.ru
Senior Python разработчик,https://hh.ru/vacancy/38249504?query=%D0%9F%D1%80%D0%BE%D0%B3%D1%80%D0%B0%D0%BC%D0%BC%D0%B8%D1%81%D1%82%20Python,,,,QIWI,hh.ru
Разработчик Python,https://hh.ru/vacancy/38649420?query=%D0%9F%D1%80%D0%BE%D0%B3%D1%80%D0%B0%D0%BC%D0%BC%D0%B8%D1%81%D1%82%20Python,,,,Лига Цифровой Экономики,hh.ru
Backend разработчик Python,https://hh.ru/vacancy/38587671?query=%D0%9F%D1%80%D0%BE%D0%B3%D1%80%D0%B0%D0%BC%D0%BC%D0%B8%D1%81%D1%82%20Python,70000,120000,руб.,ООО Аналитические программные решения,hh.ru
Разработчик Python (FullBase),https://hh.ru/vacancy/38723532?query=%D0%9F%D1%80%D0%BE%D0%B3%D1%80%D0%B0%D0%BC%D0%BC%D0%B8%D1%81%D1%82%20Python,,,,Авито,hh.ru
Инженер-программист Python (data science),https://hh.ru/vacancy/38711634?query=%D0%9F%D1%80%D0%BE%D0%B3%D1%80%D0%B0%D0%BC%D0%BC%D0%B8%D1%81%D1%82%20Python,,,,"Программный Продукт, ИТ-компания",hh.ru
Senior Python разработчик,https://hh.ru/vacancy/38824363?query=%D0%9F%D1%80%D0%BE%D0%B3%D1%80%D0%B0%D0%BC%D0%BC%D0%B8%D1%81%D1%82%20Python,,,,SUNLIGHT,hh.ru
Senior разработчик Python/ Разработчик Python,https://hh.ru/vacancy/38405410?query=%D0%9F%D1%80%D0%BE%D0%B3%D1%80%D0%B0%D0%BC%D0%BC%D0%B8%D1%81%D1%82%20Python,,,,Галактика,hh.ru
Python-разработчик аналитической системы,https://hh.ru/vacancy/37600781?query=%D0%9F%D1%80%D0%BE%D0%B3%D1%80%D0%B0%D0%BC%D0%BC%D0%B8%D1%81%D1%82%20Python,,,,Яндекс,hh.ru
Python-разработчик,https://hh.ru/vacancy/38724604?query=%D0%9F%D1%80%D0%BE%D0%B3%D1%80%D0%B0%D0%BC%D0%BC%D0%B8%D1%81%D1%82%20Python,,,,Московский филиал АО ЦентрИнформ,hh.ru
Программист Python,https://hh.ru/vacancy/38546380?query=%D0%9F%D1%80%D0%BE%D0%B3%D1%80%D0%B0%D0%BC%D0%BC%D0%B8%D1%81%D1%82%20Python,,,,Inline Telecom Solutions,hh.ru
Python разработчик (middle+),https://hh.ru/vacancy/38792104?query=%D0%9F%D1%80%D0%BE%D0%B3%D1%80%D0%B0%D0%BC%D0%BC%D0%B8%D1%81%D1%82%20Python,,,,ООО UMA.Tech,hh.ru
Python разработчик (backend),https://hh.ru/vacancy/38109909?query=%D0%9F%D1%80%D0%BE%D0%B3%D1%80%D0%B0%D0%BC%D0%BC%D0%B8%D1%81%D1%82%20Python,,,,ФГУП НПП Гамма,hh.ru
Big Data (Hadoop/scala/java/python) разработчик,https://hh.ru/vacancy/38720631?query=%D0%9F%D1%80%D0%BE%D0%B3%D1%80%D0%B0%D0%BC%D0%BC%D0%B8%D1%81%D1%82%20Python,,162400,руб.,Сбербанк для экспертов,hh.ru
Python разработчик,https://hh.ru/vacancy/37985565?query=%D0%9F%D1%80%D0%BE%D0%B3%D1%80%D0%B0%D0%BC%D0%BC%D0%B8%D1%81%D1%82%20Python,,,,ООО БОСТОНДЖИН,hh.ru
Python developer,https://hh.ru/vacancy/38585249?query=%D0%9F%D1%80%D0%BE%D0%B3%D1%80%D0%B0%D0%BC%D0%BC%D0%B8%D1%81%D1%82%20Python,,,,ООО Акронис-Инфозащита,hh.ru
Системный программист Python/Rust,https://hh.ru/vacancy/38741822?query=%D0%9F%D1%80%D0%BE%D0%B3%D1%80%D0%B0%D0%BC%D0%BC%D0%B8%D1%81%D1%82%20Python,,,,Group-IB,hh.ru
Разработчик Python,https://hh.ru/vacancy/38585601?query=%D0%9F%D1%80%D0%BE%D0%B3%D1%80%D0%B0%D0%BC%D0%BC%D0%B8%D1%81%D1%82%20Python,,,,ООО ВБЦ,hh.ru
Python-разработчик платежно-финансовых систем,https://hh.ru/vacancy/38423234?query=%D0%9F%D1%80%D0%BE%D0%B3%D1%80%D0%B0%D0%BC%D0%BC%D0%B8%D1%81%D1%82%20Python,,,,Яндекс,hh.ru
Python (Django) backend-разработчик,https://hh.ru/vacancy/38534729?query=%D0%9F%D1%80%D0%BE%D0%B3%D1%80%D0%B0%D0%BC%D0%BC%D0%B8%D1%81%D1%82%20Python,100000,120000,руб.,ИП Форафонтов Владислав Юрьевич,hh.ru
Python Developer SberDevices,https://hh.ru/vacancy/38576137?query=%D0%9F%D1%80%D0%BE%D0%B3%D1%80%D0%B0%D0%BC%D0%BC%D0%B8%D1%81%D1%82%20Python,,,,Сбербанк для экспертов,hh.ru
Python-разработчик в Службу управления трафиком,https://hh.ru/vacancy/38683672?query=%D0%9F%D1%80%D0%BE%D0%B3%D1%80%D0%B0%D0%BC%D0%BC%D0%B8%D1%81%D1%82%20Python,,,,Яндекс,hh.ru
C++ Developer (С++ & Python),https://hh.ru/vacancy/32519306?query=%D0%9F%D1%80%D0%BE%D0%B3%D1%80%D0%B0%D0%BC%D0%BC%D0%B8%D1%81%D1%82%20Python,,,,Artec 3D,hh.ru
BackEnd Python Developer,https://hh.ru/vacancy/38796514?query=%D0%9F%D1%80%D0%BE%D0%B3%D1%80%D0%B0%D0%BC%D0%BC%D0%B8%D1%81%D1%82%20Python,,,,ООО Апподил,hh.ru
Разработчик Python,https://hh.ru/vacancy/38587600?query=%D0%9F%D1%80%D0%BE%D0%B3%D1%80%D0%B0%D0%BC%D0%BC%D0%B8%D1%81%D1%82%20Python,,,,"ПАО «МТС»,IT",hh.ru
Middle+ Python разработчик (удаленно),https://hh.ru/vacancy/38603238?query=%D0%9F%D1%80%D0%BE%D0%B3%D1%80%D0%B0%D0%BC%D0%BC%D0%B8%D1%81%D1%82%20Python,,150000,руб.,Cellar door,hh.ru
Разработчик автоматизированных тестов (Python),https://hh.ru/vacancy/38649827?query=%D0%9F%D1%80%D0%BE%D0%B3%D1%80%D0%B0%D0%BC%D0%BC%D0%B8%D1%81%D1%82%20Python,,,,Лаборатория Касперского,hh.ru
Senior Python разработчик / developer,https://hh.ru/vacancy/38514546?query=%D0%9F%D1%80%D0%BE%D0%B3%D1%80%D0%B0%D0%BC%D0%BC%D0%B8%D1%81%D1%82%20Python,2100,2800,USD,Maxiru,hh.ru
"Python Разработчик (C++, C#)",https://hh.ru/vacancy/38547758?query=%D0%9F%D1%80%D0%BE%D0%B3%D1%80%D0%B0%D0%BC%D0%BC%D0%B8%D1%81%D1%82%20Python,,200000,руб.,HR Development,hh.ru
Python Developer (Security Big Data - Kaspersky MDR),https://hh.ru/vacancy/37006631?query=%D0%9F%D1%80%D0%BE%D0%B3%D1%80%D0%B0%D0%BC%D0%BC%D0%B8%D1%81%D1%82%20Python,,,,Лаборатория Касперского,hh.ru
Разработчик Python,https://hh.ru/vacancy/38564115?query=%D0%9F%D1%80%D0%BE%D0%B3%D1%80%D0%B0%D0%BC%D0%BC%D0%B8%D1%81%D1%82%20Python,,,,ООО SailPlay,hh.ru
Middle Python Developer,https://hh.ru/vacancy/37053208?query=%D0%9F%D1%80%D0%BE%D0%B3%D1%80%D0%B0%D0%BC%D0%BC%D0%B8%D1%81%D1%82%20Python,,,,Группа компаний ПИК,hh.ru
Python Developer,https://hh.ru/vacancy/37279768?query=%D0%9F%D1%80%D0%BE%D0%B3%D1%80%D0%B0%D0%BC%D0%BC%D0%B8%D1%81%D1%82%20Python,,,,ООО Лаборатория визуализации-Сфера,hh.ru
Серверный разработчик (Python) / Backend Developer,https://hh.ru/vacancy/38653713?query=%D0%9F%D1%80%D0%BE%D0%B3%D1%80%D0%B0%D0%BC%D0%BC%D0%B8%D1%81%D1%82%20Python,,200000,руб.,ООО GETMOBIT,hh.ru
Full-Stack Web-Developer (Python / Odoo),https://hh.ru/vacancy/34649894?query=%D0%9F%D1%80%D0%BE%D0%B3%D1%80%D0%B0%D0%BC%D0%BC%D0%B8%D1%81%D1%82%20Python,100000,200000,руб.,NPBFX Limited,hh.ru
Стажер-разработчик Python,https://hh.ru/vacancy/38993152?query=%D0%9F%D1%80%D0%BE%D0%B3%D1%80%D0%B0%D0%BC%D0%BC%D0%B8%D1%81%D1%82%20Python,,70000,руб.,ООО ВижнЛабс (VisionLabs),hh.ru
Junior Python Developer,https://hh.ru/vacancy/38930875?query=%D0%9F%D1%80%D0%BE%D0%B3%D1%80%D0%B0%D0%BC%D0%BC%D0%B8%D1%81%D1%82%20Python,,30000,руб.,ООО КРИПТОН,hh.ru
Python Developer (Junior/Middle),https://hh.ru/vacancy/39011855?query=%D0%9F%D1%80%D0%BE%D0%B3%D1%80%D0%B0%D0%BC%D0%BC%D0%B8%D1%81%D1%82%20Python,,,,ООО КЭШОФФ,hh.ru
Разработчик Python,https://hh.ru/vacancy/37415007?query=%D0%9F%D1%80%D0%BE%D0%B3%D1%80%D0%B0%D0%BC%D0%BC%D0%B8%D1%81%D1%82%20Python,150000,200000,руб.,Vilesse,hh.ru
Backend Developer (Python),https://hh.ru/vacancy/38522795?query=%D0%9F%D1%80%D0%BE%D0%B3%D1%80%D0%B0%D0%BC%D0%BC%D0%B8%D1%81%D1%82%20Python,80000,,руб.,ООО Мировой поток,hh.ru
Backend Developer (Python),https://hh.ru/vacancy/38522795?query=%D0%9F%D1%80%D0%BE%D0%B3%D1%80%D0%B0%D0%BC%D0%BC%D0%B8%D1%81%D1%82%20Python,80000,,руб.,ООО Мировой поток,hh.ru
Senior Python Web Developer (Django/Flask),https://hh.ru/vacancy/38168318?query=%D0%9F%D1%80%D0%BE%D0%B3%D1%80%D0%B0%D0%BC%D0%BC%D0%B8%D1%81%D1%82%20Python,,,,Ingram Micro,hh.ru
Python Middle Developer,https://hh.ru/vacancy/37815445?query=%D0%9F%D1%80%D0%BE%D0%B3%D1%80%D0%B0%D0%BC%D0%BC%D0%B8%D1%81%D1%82%20Python,,,,ООО ЦИФРА,hh.ru
Senior Python developer,https://hh.ru/vacancy/37551713?query=%D0%9F%D1%80%D0%BE%D0%B3%D1%80%D0%B0%D0%BC%D0%BC%D0%B8%D1%81%D1%82%20Python,,,,ООО Облачные технологии,hh.ru
Python Developer (remote),https://hh.ru/vacancy/37416638?query=%D0%9F%D1%80%D0%BE%D0%B3%D1%80%D0%B0%D0%BC%D0%BC%D0%B8%D1%81%D1%82%20Python,,,,Exness,hh.ru
Python Developer (CRM-платформа),https://hh.ru/vacancy/39084319?query=%D0%9F%D1%80%D0%BE%D0%B3%D1%80%D0%B0%D0%BC%D0%BC%D0%B8%D1%81%D1%82%20Python,,,,Циан,hh.ru
Разработчик Python/Data Engineer,https://hh.ru/vacancy/39065770?query=%D0%9F%D1%80%D0%BE%D0%B3%D1%80%D0%B0%D0%BC%D0%BC%D0%B8%D1%81%D1%82%20Python,,,,Информационное агентство России ТАСС,hh.ru
Team Lead Backend Python / Тимлид Питон / Ведущий разработчик,https://hh.ru/vacancy/38649642?query=%D0%9F%D1%80%D0%BE%D0%B3%D1%80%D0%B0%D0%BC%D0%BC%D0%B8%D1%81%D1%82%20Python,,250000,руб.,ООО ЭНГРИ,hh.ru
Python Developer (cloud solutions),https://hh.ru/vacancy/38162221?query=%D0%9F%D1%80%D0%BE%D0%B3%D1%80%D0%B0%D0%BC%D0%BC%D0%B8%D1%81%D1%82%20Python,,,,Сбербанк для экспертов,hh.ru
Senior Python Developer (ML/Модерация),https://hh.ru/vacancy/38936126?query=%D0%9F%D1%80%D0%BE%D0%B3%D1%80%D0%B0%D0%BC%D0%BC%D0%B8%D1%81%D1%82%20Python,,,,Циан,hh.ru
Python developer (команда беспилотника),https://hh.ru/vacancy/39046809?query=%D0%9F%D1%80%D0%BE%D0%B3%D1%80%D0%B0%D0%BC%D0%BC%D0%B8%D1%81%D1%82%20Python,,,,Сбербанк для экспертов,hh.ru
"Full stack Developer Security Big Data (Python, JavaScript)",https://hh.ru/vacancy/38307781?query=%D0%9F%D1%80%D0%BE%D0%B3%D1%80%D0%B0%D0%BC%D0%BC%D0%B8%D1%81%D1%82%20Python,,,,Лаборатория Касперского,hh.ru
Middle/Senior Python разработчик,https://hh.ru/vacancy/38982188?query=%D0%9F%D1%80%D0%BE%D0%B3%D1%80%D0%B0%D0%BC%D0%BC%D0%B8%D1%81%D1%82%20Python,,,,ООО Айтаргет,hh.ru
"Разработчик Python (Senior Developer, Team lead)",https://hh.ru/vacancy/38516560?query=%D0%9F%D1%80%D0%BE%D0%B3%D1%80%D0%B0%D0%BC%D0%BC%D0%B8%D1%81%D1%82%20Python,150000,300000,руб.,ООО РСХБ-Интех,hh.ru
Разработчик по автоматизации бизнес-процессов (Python),https://hh.ru/vacancy/38812238?query=%D0%9F%D1%80%D0%BE%D0%B3%D1%80%D0%B0%D0%BC%D0%BC%D0%B8%D1%81%D1%82%20Python,,90000,руб.,ДИКСИ. Офис,hh.ru
Python-разработчик (TeamLead - Архитектор),https://hh.ru/vacancy/39040537?query=%D0%9F%D1%80%D0%BE%D0%B3%D1%80%D0%B0%D0%BC%D0%BC%D0%B8%D1%81%D1%82%20Python,,,,Лига Героев,hh.ru
Python Backend Developer (Big Data projects),https://hh.ru/vacancy/38981375?query=%D0%9F%D1%80%D0%BE%D0%B3%D1%80%D0%B0%D0%BC%D0%BC%D0%B8%D1%81%D1%82%20Python,,,,МИА Россия сегодня,hh.ru
Senior Python/Go -разработчик,https://hh.ru/vacancy/38467275?query=%D0%9F%D1%80%D0%BE%D0%B3%D1%80%D0%B0%D0%BC%D0%BC%D0%B8%D1%81%D1%82%20Python,,,,REDMADROBOT,hh.ru
Python разработчик в команду IaaS (MCS),https://hh.ru/vacancy/38958359?query=%D0%9F%D1%80%D0%BE%D0%B3%D1%80%D0%B0%D0%BC%D0%BC%D0%B8%D1%81%D1%82%20Python,,,,Mail.ru Group,hh.ru
"Senior Python разработчик, SberDevices",https://hh.ru/vacancy/38960769?query=%D0%9F%D1%80%D0%BE%D0%B3%D1%80%D0%B0%D0%BC%D0%BC%D0%B8%D1%81%D1%82%20Python,,,,Сбербанк для экспертов,hh.ru
"Full stack разработчик (Python, React / Vue, PostgreSQL, Docker)",https://hh.ru/vacancy/38918505?query=%D0%9F%D1%80%D0%BE%D0%B3%D1%80%D0%B0%D0%BC%D0%BC%D0%B8%D1%81%D1%82%20Python,130000,,руб.,ООО РДП.РУ,hh.ru
Senior Software Development Engineer in Test (Python),https://hh.ru/vacancy/37441053?query=%D0%9F%D1%80%D0%BE%D0%B3%D1%80%D0%B0%D0%BC%D0%BC%D0%B8%D1%81%D1%82%20Python,,,,Лаборатория Касперского,hh.ru
Python/Go разработчик в команду PaaS (MCS),https://hh.ru/vacancy/37854490?query=%D0%9F%D1%80%D0%BE%D0%B3%D1%80%D0%B0%D0%BC%D0%BC%D0%B8%D1%81%D1%82%20Python,,,,Mail.ru Group,hh.ru
С# Developer + Python (CoreTech),https://hh.ru/vacancy/38907065?query=%D0%9F%D1%80%D0%BE%D0%B3%D1%80%D0%B0%D0%BC%D0%BC%D0%B8%D1%81%D1%82%20Python,,,,Лаборатория Касперского,hh.ru
Python Developer (middle-senior),https://hh.ru/vacancy/34024028?query=%D0%9F%D1%80%D0%BE%D0%B3%D1%80%D0%B0%D0%BC%D0%BC%D0%B8%D1%81%D1%82%20Python,,,,Тинькофф,hh.ru
Разработчик-аналитик С++/Python,https://hh.ru/vacancy/38901693?query=%D0%9F%D1%80%D0%BE%D0%B3%D1%80%D0%B0%D0%BC%D0%BC%D0%B8%D1%81%D1%82%20Python,,,,Selecty,hh.ru
Middle/Senior Python Developer (ODBI),https://hh.ru/vacancy/38896499?query=%D0%9F%D1%80%D0%BE%D0%B3%D1%80%D0%B0%D0%BC%D0%BC%D0%B8%D1%81%D1%82%20Python,,,,Лаборатория Касперского,hh.ru
Python developer в команду SRE,https://hh.ru/vacancy/38866845?query=%D0%9F%D1%80%D0%BE%D0%B3%D1%80%D0%B0%D0%BC%D0%BC%D0%B8%D1%81%D1%82%20Python,,,,Райффайзенбанк,hh.ru
Senior Backend Developer (Python),https://hh.ru/vacancy/38826414?query=%D0%9F%D1%80%D0%BE%D0%B3%D1%80%D0%B0%D0%BC%D0%BC%D0%B8%D1%81%D1%82%20Python,300000,400000,руб.,Dorm Limited,hh.ru
Software Development Engineer in Test ( Python Developer),https://hh.ru/vacancy/38781617?query=%D0%9F%D1%80%D0%BE%D0%B3%D1%80%D0%B0%D0%BC%D0%BC%D0%B8%D1%81%D1%82%20Python,,,,Virtuozzo,hh.ru
Ведущий разработчик RPA (Python),https://hh.ru/vacancy/37814358?query=%D0%9F%D1%80%D0%BE%D0%B3%D1%80%D0%B0%D0%BC%D0%BC%D0%B8%D1%81%D1%82%20Python,,,,ПАО МТС Банк. Головной офис,hh.ru
Backend Developer / Senior Backend Developer (Python),https://hh.ru/vacancy/38779444?query=%D0%9F%D1%80%D0%BE%D0%B3%D1%80%D0%B0%D0%BC%D0%BC%D0%B8%D1%81%D1%82%20Python,,,,ООО Комплаенс Технологии,hh.ru
Ведущий разработчик (Golang/С++/Python),https://hh.ru/vacancy/37733997?query=%D0%9F%D1%80%D0%BE%D0%B3%D1%80%D0%B0%D0%BC%D0%BC%D0%B8%D1%81%D1%82%20Python,,,,WILDBERRIES,hh.ru
Senior Python-разработчик (Проектный Департамент),https://hh.ru/vacancy/38675640?query=%D0%9F%D1%80%D0%BE%D0%B3%D1%80%D0%B0%D0%BC%D0%BC%D0%B8%D1%81%D1%82%20Python,,,,Сбербанк для экспертов,hh.ru
Middle/Senior Python Backend Developer (Remote job),https://hh.ru/vacancy/37174101?query=%D0%9F%D1%80%D0%BE%D0%B3%D1%80%D0%B0%D0%BC%D0%BC%D0%B8%D1%81%D1%82%20Python,,,,ООО АппФоллоу,hh.ru
Senior Backend developer (Python/Go),https://hh.ru/vacancy/35681002?query=%D0%9F%D1%80%D0%BE%D0%B3%D1%80%D0%B0%D0%BC%D0%BC%D0%B8%D1%81%D1%82%20Python,,,,ООО Облачные технологии,hh.ru
Middle/Senior Python разработчик,https://hh.ru/vacancy/38711188?query=%D0%9F%D1%80%D0%BE%D0%B3%D1%80%D0%B0%D0%BC%D0%BC%D0%B8%D1%81%D1%82%20Python,,,,Сбербанк для экспертов,hh.ru
Senior Python-разработчик,https://hh.ru/vacancy/38659461?query=%D0%9F%D1%80%D0%BE%D0%B3%D1%80%D0%B0%D0%BC%D0%BC%D0%B8%D1%81%D1%82%20Python,,,,Сбербанк для экспертов,hh.ru
Ведущий Python разработчик в myTarget,https://hh.ru/vacancy/35856813?query=%D0%9F%D1%80%D0%BE%D0%B3%D1%80%D0%B0%D0%BC%D0%BC%D0%B8%D1%81%D1%82%20Python,,,,Mail.ru Group,hh.ru
Back-end Developer (Go & Python),https://hh.ru/vacancy/38576562?query=%D0%9F%D1%80%D0%BE%D0%B3%D1%80%D0%B0%D0%BC%D0%BC%D0%B8%D1%81%D1%82%20Python,,,,Exness,hh.ru
Разработчик Python (команда беспилотника),https://hh.ru/vacancy/38509599?query=%D0%9F%D1%80%D0%BE%D0%B3%D1%80%D0%B0%D0%BC%D0%BC%D0%B8%D1%81%D1%82%20Python,,,,Сбербанк для экспертов,hh.ru
Python разработчик (Middle / Senior),https://hh.ru/vacancy/38515413?query=%D0%9F%D1%80%D0%BE%D0%B3%D1%80%D0%B0%D0%BC%D0%BC%D0%B8%D1%81%D1%82%20Python,,,,X5 RETAIL GROUP,hh.ru
Старший Python разработчик телемедицинского сервиса в Здоровье,https://hh.ru/vacancy/39069507?query=%D0%9F%D1%80%D0%BE%D0%B3%D1%80%D0%B0%D0%BC%D0%BC%D0%B8%D1%81%D1%82%20Python,,,,Яндекс,hh.ru
"Python Developer (Cyprus, Limassol / Remotely)",https://hh.ru/vacancy/39048262?query=%D0%9F%D1%80%D0%BE%D0%B3%D1%80%D0%B0%D0%BC%D0%BC%D0%B8%D1%81%D1%82%20Python,,,,Exness,hh.ru
Senior Python developer в музыкальный стриминговый сервис Звук,https://hh.ru/vacancy/37899193?query=%D0%9F%D1%80%D0%BE%D0%B3%D1%80%D0%B0%D0%BC%D0%BC%D0%B8%D1%81%D1%82%20Python,,,,Звук,hh.ru
Lead Python developer в музыкальный стриминговый сервис Звук,https://hh.ru/vacancy/35462805?query=%D0%9F%D1%80%D0%BE%D0%B3%D1%80%D0%B0%D0%BC%D0%BC%D0%B8%D1%81%D1%82%20Python,,,,Звук,hh.ru
Python Programmer/developer,https://hh.ru/vacancy/38575119?query=%D0%9F%D1%80%D0%BE%D0%B3%D1%80%D0%B0%D0%BC%D0%BC%D0%B8%D1%81%D1%82%20Python,60000,90000,руб.,Monogramm,hh.ru
Full-stack-веб-программист python/javascript,https://www.superjob.ru/vakansii/full-stack-veb-programmist-python-33998693.html,,,договорённости,ФГБУ Центр стратегического планирования МФБА России,superjob.ru
Программист Python,https://www.superjob.ru/vakansii/programmist-python-34345798.html,120000,150000,руб./месяц,КИБЕРБОРЕЯ,superjob.ru
Веб-разработчик / Веб-программист,https://www.superjob.ru/vakansii/veb-razrabotchik-34446777.html,,,договорённости,"Дом Фарфора и ""Williams Et Oliver"" — домашняя утварь",superjob.ru
Программист C++,https://www.superjob.ru/vakansii/programmist-c-34403007.html,,,договорённости,БИФИТ,superjob.ru
Программист,https://www.superjob.ru/vakansii/programmist-34373450.html,30000,,руб./месяц,Медицинский колледж № 7,superjob.ru
Ведущий инженер-программист / разработчик программных решений,https://www.superjob.ru/vakansii/veduschij-inzhener-programmist-34302346.html,,,договорённости,ИТ-Индустрия,superjob.ru
Программист / Инженер технической поддержки,https://www.superjob.ru/vakansii/programmist-34369639.html,110000,110000,руб./месяц,Смарт Энджинс Сервис,superjob.ru
"Системный администратор, IT-специалист, программист",https://www.superjob.ru/vakansii/sistemnyj-administrator-33845400.html,90000,100000,руб./месяц,"ГБУЗ ""ДЦЛИ ДЗМ""",superjob.ru
"Web-программист, Web-разработчик (удалённо)",https://www.superjob.ru/vakansii/web-programmist-33921626.html,30000,,руб./месяц,Welbex,superjob.ru
Веб-разработчик / Веб-программист NetCat (удаленно),https://www.superjob.ru/vakansii/veb-razrabotchik-34311296.html,,1200,руб./день,Омнисан,superjob.ru
Full Stack веб-разработчик,https://www.superjob.ru/vakansii/full-stack-veb-razrabotchik-34409280.html,50000,,руб./месяц,TopInside,superjob.ru
"Web-разработчик, ASP.NET-разработчик",https://www.superjob.ru/vakansii/web-razrabotchik-34452433.html,,180000,руб./месяц,Минерал-Инфо,superjob.ru
Backend-разработчик (Python),https://www.superjob.ru/vakansii/backend-razrabotchik-34288204.html,150000,,руб./месяц,Север-Авто-М,superjob.ru
Web-разработчик Битрикс,https://www.superjob.ru/vakansii/web-razrabotchik-bitriks-34362921.html,70000,80000,руб./месяц,Тур О. Р.,superjob.ru
Веб-разработчик (1С-Битрикс),https://www.superjob.ru/vakansii/veb-razrabotchik-34285512.html,130000,,руб./месяц,Термокит,superjob.ru
"Web разработчик (Front-end, React JS, JavaScript)",https://www.superjob.ru/vakansii/web-razrabotchik-34338586.html,,,договорённости,Смартплеер,superjob.ru
Python developer,https://www.superjob.ru/vakansii/python-developer-34284293.html,,,договорённости,Синема Стар,superjob.ru
Web-программист / Web-разработчик (Frontend-разработчик Middle),https://www.superjob.ru/vakansii/web-programmist-34343358.html,80000,100000,руб./месяц,Русвент МСК,superjob.ru
"Web-разработчик, PHP-программист",https://www.superjob.ru/vakansii/web-razrabotchik-33754233.html,,,договорённости,Mercury,superjob.ru
Full-Stack Web программист / Разработчик Bitrix (удаленно),https://www.superjob.ru/vakansii/full-stack-web-programmist-34368175.html,,70000,руб./месяц,HR-shar,superjob.ru
Веб-разработчик,https://www.superjob.ru/vakansii/veb-razrabotchik-34464702.html,,,договорённости,ALMIN Provision Service,superjob.ru
Python / Full stack-разработчик,https://www.superjob.ru/vakansii/python-34337426.html,150000,180000,руб./месяц,Частный рекрутер Бельтюкова Мария Александровна,superjob.ru
Senior Python Developer,https://www.superjob.ru/vakansii/senior-python-developer-34421314.html,,,договорённости,"РА ""Подбор персонала @ HR аудит""",superjob.ru
Веб-разработчик,https://www.superjob.ru/vakansii/veb-razrabotchik-34454660.html,100000,,руб./месяц,Дентал Гуру,superjob.ru
"Web-программист, web-разработчик",https://www.superjob.ru/vakansii/web-programmist-34364836.html,,,договорённости,Семаргл,superjob.ru
Web-разработчик,https://www.superjob.ru/vakansii/web-razrabotchik-34448743.html,110000,110000,руб./месяц,TFN,superjob.ru
Разработчик web-сервисов,https://www.superjob.ru/vakansii/razrabotchik-web-servisov-34357162.html,,,договорённости,СОГАЗ,superjob.ru
Веб-разработчик,https://www.superjob.ru/vakansii/veb-razrabotchik-34195320.html,,,договорённости,Энергоспецтехника,superjob.ru
Middle web-разработчик,https://www.superjob.ru/vakansii/middle-web-razrabotchik-34020557.html,150000,,руб./месяц,ТДМ,superjob.ru
Senior SQL / PostgreSQL-разработчик,https://www.superjob.ru/vakansii/senior-sql-34449372.html,,,договорённости,Квантбокс,superjob.ru
С++-разработчик прикладного встраиваемого ПО,https://www.superjob.ru/vakansii/s-34345365.html,,,договорённости,Технопарк «Сколково»,superjob.ru
